,AESL_inst_myproject,,module_status1.csv
,call_ret1_concatenate1d_ap_fixed_ap_fixed_ap_fixed_16_6_5_3_0_config3_s_fu_143,,module_status2.csv
,call_ret2_concatenate1d_ap_fixed_ap_fixed_ap_fixed_16_6_5_3_0_config7_s_fu_151,,module_status3.csv
,call_ret3_concatenate1d_ap_fixed_ap_fixed_ap_fixed_16_6_5_3_0_config8_s_fu_191,,module_status4.csv
,grp_dense_latency_ap_fixed_16_6_5_3_0_ap_fixed_16_6_5_3_0_config9_s_fu_199,,module_status5.csv
,grp_dense_latency_ap_fixed_16_6_5_3_0_ap_fixed_16_6_5_3_0_config11_s_fu_238,,module_status6.csv
,grp_relu_ap_fixed_16_6_5_3_0_ap_ufixed_8_0_4_0_0_relu_config14_s_fu_244,,module_status7.csv
,grp_relu_ap_fixed_16_6_5_3_0_ap_ufixed_8_0_4_0_0_relu_config13_s_fu_250,,module_status8.csv
,call_ret8_concatenate1d_ap_ufixed_ap_ufixed_ap_fixed_16_6_5_3_0_config15_s_fu_262,,module_status9.csv
,grp_dense_latency_ap_fixed_16_6_5_3_0_ap_fixed_16_6_5_3_0_config16_s_fu_276,,module_status10.csv
,grp_relu_ap_fixed_16_6_5_3_0_ap_ufixed_8_0_4_0_0_relu_config18_s_fu_290,,module_status11.csv
,grp_dense_latency_ap_ufixed_8_0_4_0_0_ap_fixed_16_6_5_3_0_config19_s_fu_298,,module_status12.csv
,grp_relu_ap_fixed_16_6_5_3_0_ap_ufixed_8_0_4_0_0_relu_config21_s_fu_306,,module_status13.csv
,grp_dense_latency_ap_ufixed_8_0_4_0_0_ap_fixed_16_6_5_3_0_config22_s_fu_314,,module_status14.csv
